X,Y,Name,description
28.236749,36.442047,Rhodes,
20.26261,39.499549,Igoumenitsa,
13.505289,43.617828,Ancona,
25.143183,35.342636,Heraklion,
